private.id,result
14040842,1.6252530534229281
14112686,1.5840899987498633
14152117,1.5316461106052506
14075661,1.5222677028382674
14067964,1.5057901594076828
14029526,1.4935890682234305
14112256,1.4674886185973364
14027348,1.460942357447959
14025691,1.4382594180550314
14112213,1.4205913206158454
13961994,1.4026621322914923
13913646,1.377184387358241
14067981,1.3693012557826754
14076839,1.3627842080751185
13920297,1.3588736420505292
13934376,1.3588092353432737
14080501,1.35438194968534
14068043,1.3487523232720655
13912908,1.3433705406290954
14113328,1.3430399181611987
14119940,1.3384719196424335
14024959,1.317732235344885
14112271,1.2998490151277116
14113046,1.2962318970760793
14112371,1.2921359570430306
14058171,1.283818096531105
14112489,1.279208829496737
14116079,1.2649473793165487
14135867,1.2611747612923145
13917325,1.2493407334687878
14069125,1.2480563327155005
13934371,1.2468836596408934
14076299,1.241473185409772
13920311,1.2385230743662519
14070129,1.2376208182928594
13917368,1.2367936658189664
14026409,1.2347856227004415
13934378,1.2334176894349922
13917295,1.229625615862279
13917201,1.2293878815765518
14072497,1.2244874578159002
14070961,1.2230884040532257
14025403,1.220049939444555
13958195,1.2178203847631324
14068299,1.213813992770096
14080662,1.2130302176848926
13934351,1.1998621429888976
13917216,1.1973492323248771
14068275,1.1940188104073441
14071488,1.1935217433857246
14074260,1.1918283379935894
13912911,1.1901581249871143
14068453,1.1901438936358355
14025068,1.1854373469003932
13911815,1.1842876012854457
14070545,1.1816752088894567
14028952,1.1816269811999844
14025088,1.1815581954745351
13917229,1.1785400342515753
14073178,1.175392590259972
14032576,1.1719695612740484
14080672,1.1680880965380696
14052039,1.166344299012003
14112749,1.164416023400317
14172585,1.1643530532081752
14165351,1.163064951385366
14067984,1.1579181190972991
14067952,1.1558711588565305
14114268,1.1483927169559967
13917270,1.1459046635765662
13917268,1.1435390364722553
14029477,1.1431713312045937
13920315,1.1422244591107185
14050077,1.1397801094526185
14028719,1.1393981125769335
14025664,1.138413237038367
14067938,1.131000723343876
14112231,1.1302977873357691
13950346,1.1282622015147448
14112416,1.1262559031635955
13934357,1.1202470933404858
13917219,1.1162793406696925
14166011,1.1160261717701474
13912918,1.1155276332017914
14067953,1.1141165484621451
14070405,1.1120679749713656
13913678,1.1056680005740187
14094900,1.103494445969936
14071594,1.102430895246086
14078652,1.1007923110492395
14119173,1.0978213388757263
14173887,1.097319666390141
13934386,1.0962580963599449
14120419,1.0960985880722345
13917326,1.091016072125612
14098125,1.0893280835518817
13920305,1.0880058347596495
14068046,1.0799582475984701
14071725,1.0776745271671855
14120308,1.0742740051161688
13950348,1.0729458885858434
13945839,1.0703253347743569
14082865,1.0691739687358526
14025488,1.0680181730630824
13912873,1.0621420042728804
14068000,1.060645756495709
13912884,1.0598836409450054
14028422,1.059149957124969
14025728,1.0547164149554642
14054387,1.0540514915654184
14025798,1.0538514524965934
14075021,1.0523119450388612
14078690,1.0514460704420614
14026910,1.046726396332963
13917296,1.0450047327534913
14116962,1.0368617413011703
14068228,1.036238687215753
14027047,1.0351388498848793
14068290,1.032741477405973
14068294,1.028759647254198
13913644,1.0274002058647933
13913675,1.0264654054480438
14134889,1.0255956547686975
13917208,1.0247182101899384
14068063,1.0195133550060451
13920300,1.0183246282274423
14068024,1.0182716537627956
14025940,1.017933407772623
14053654,1.0159137072900488
14050473,1.010021677876955
14067943,1.0057085781201902
14068885,1.0041335137025134
14068127,1.0035364815542012
13917235,0.9980001610576976
13911819,0.9970354694665194
14112204,0.9958296334262153
14114065,0.9957745341472879
14068525,0.995680624751019
13913677,0.9913997083516453
14077631,0.990635775251161
14068976,0.987828592714185
14068921,0.9876998688680791
14045704,0.9864728625048165
13913665,0.9824111527125352
13917348,0.98194311509989185
13945851,0.9802330361781779
14166218,0.9780573085719231
14168755,0.9765600588206853
14069469,0.9755924576455479
14070913,0.9713744659361591
14073108,0.9699329799035654
13917264,0.9693558696162715
13917248,0.9683008849280488
14025901,0.9650193918030856
13950345,0.9637750809313593
14049402,0.9594236204819258
14070338,0.9588211422553792
14072439,0.9550693639561032
14122863,0.9528585298127286
14034159,0.9517503921746879
14069134,0.9500227759666274
14067995,0.949805341919514
14068822,0.9486869562638851
14083067,0.9438122336633249
14068109,0.9421436247762938
14172625,0.940007234721538
14068001,0.9388566653262558
13917234,0.9362259523193773
13912872,0.9335625527217712
14072234,0.9323675551212508
14029930,0.9321696480500681
14063440,0.929809824952484
14043231,0.9295766983042095
14071458,0.9285319040769475
14027679,0.9266969693648114
14068327,0.9261795040050405
14067972,0.9254568278935402
13917230,0.9217041062546074
13917207,0.9211800392410827
13917308,0.9202938146284473
13917314,0.9198117003713646
13917335,0.9173143502453447
14025374,0.9160591399682743
14113336,0.91200003522157
14025033,0.9106949254599969
14130890,0.9063008436006617
14075525,0.9059484892094345
14068075,0.9057986887402838
14068036,0.9045437997389458
14068062,0.9041422706170583
14068281,0.9041332433827025
13920318,0.9040723075945181
14071908,0.9037605290515018
14025416,0.9013786507447277
13917355,0.8981219710565489
13917365,0.8945658318002088
13917238,0.8901089657495402
14068005,0.8863265923472314
13917310,0.8816145802798889
14050603,0.8813008665042705
13945841,0.8728710823244261
14068106,0.8711803735549604
13912917,0.8688623704953876
14067950,0.8682370955350429
14118569,0.8652096275825432
14025106,0.8637175431637929
14070514,0.8618227841053363
13917271,0.8591740479469147
14032055,0.857138635028085
14113576,0.8561346774405971
13917266,0.8557598562696771
14117920,0.8551004578637498
13913641,0.8550869996132807
13913657,0.8531567338986952
14054293,0.8504229576108873
13911814,0.8488225567352634
14072904,0.8456036985581925
14117971,0.8448016556870168
14068258,0.8445136158859838
13950353,0.8436685648183071
14080618,0.8428914754375134
14070342,0.8412649892733006
14068940,0.8402009211030839
14087863,0.8401880666085697
13917323,0.8360781441576168
14076579,0.8357734640748459
13913639,0.8340954551973963
13954435,0.8340647525822104
14067949,0.8315322564097135
14067932,0.8304811507529608
13920319,0.8298706212676699
13954436,0.8296659263403539
14112272,0.8285167649360217
14114741,0.8276900109823557
14049401,0.8275216764244582
14094133,0.8262453285385083
14054488,0.8262372359783964
14168770,0.8193552699822096
14069082,0.8190556884575555
13913674,0.8174213649396584
14068058,0.8146536417318146
14032098,0.813759967432941
13913652,0.8128373205018093
13934382,0.8102634316995158
14104463,0.8094211707957832
14029286,0.8059180610244393
13934380,0.8055722973957402
14029745,0.8039341667307918
14025093,0.8028623994431865
14025648,0.8019506409847252
13917298,0.8017217560342558
13960267,0.8014436979259216
13945856,0.7982454608515517
13934381,0.7945214249485162
14027552,0.7932392750564261
14147757,0.7931111398007666
14068050,0.7930837983178463
14166706,0.7889568237854734
13912916,0.7864370305036709
14067973,0.7836358542108618
13934360,0.7825587134771264
14042425,0.7760414427569906
14068238,0.7755407555598174
14070690,0.7740874391406982
14025407,0.7709213026310402
14113941,0.7684035436534723
14030102,0.7682660484799049
13912876,0.7630954913134986
14050329,0.7615584602133423
13912920,0.7593736324417374
14069817,0.7590743228470542
14119427,0.7580138373060246
14115911,0.7579290433928729
14068012,0.7575218229451871
14072858,0.7555940347508652
14025019,0.7536395825075867
13945860,0.7525577674018877
14112409,0.7521310888065589
13917333,0.7511569115259549
14057688,0.745775589983091
13917209,0.74345057561735
14043316,0.7429515739459166
14068274,0.7401576518204007
14151397,0.7395793144231987
14067946,0.737246811836168
13912868,0.7351376041649774
14076411,0.7338800975472064
14027819,0.7318272932066461
14102103,0.7318193337142889
13917318,0.7313763904471653
13917241,0.7307371372896727
14032526,0.730119485704851
14068298,0.7277107583293614
13917358,0.7268421008413335
14073111,0.7245700384994926
13917279,0.7227577079096162
14074023,0.7224913818929546
14067931,0.7159427764869609
14068455,0.7154348793571861
14070638,0.7126348070613021
14025185,0.7122646295248062
13945868,0.7115247831986067
13917284,0.710060319063792
14068555,0.7099280346123052
14112331,0.7094399694996643
13931803,0.7080849616350838
14067930,0.7072397837124316
14112518,0.7065081480209534
14024865,0.7005591229134298
14112418,0.6954909379903015
13912874,0.6949325486359956
14090518,0.6924015349637616
14119018,0.6915010254588987
14116223,0.6912871221680232
14068583,0.6905246987915115
14083883,0.688629421044927
14068405,0.6876072650272124
14069592,0.6873452889263487
14082686,0.6861330211820407
14074235,0.6858397920539959
14101880,0.6844631852401006
14055573,0.6831843275019078
14068853,0.6826446028497464
14040041,0.6821350174218257
14076582,0.674997890565362
14068114,0.6740605409874834
14072267,0.6738370083985674
14068425,0.6724143993136338
13917237,0.6710195010171407
14113022,0.6661011069604936
14052224,0.6645755564131417
14068998,0.6624805681155658
13934367,0.6595523315267404
13917245,0.6585570598465312
14077801,0.6579906254359225
13913660,0.6571583967775935
14112339,0.6565093140478242
14091695,0.6538733381476095
14071123,0.6523157924498303
13917265,0.6509407657934403
14079648,0.6487163960968704
14070816,0.6477618266173486
14116814,0.6459494282849354
14068101,0.6455248771239879
14025400,0.6453975710362676
14115131,0.6453728148352276
14072567,0.6447657931574535
14068047,0.644373758451952
14077855,0.6435600580788201
13917273,0.6408308859720728
14119749,0.6390441487236118
14071411,0.6389080537301826
14068946,0.6382393719504118
13920296,0.6368990913179886
14112315,0.6357651319539457
14118928,0.6329885252984621
14068883,0.6278755690427018
14113163,0.6277380258007308
14069147,0.6254775279440673
14112253,0.6247122089676369
14084245,0.6227522170406233
14112202,0.6189669672635512
13917261,0.6181186922940285
13913683,0.6130610032310176
14122181,0.6114285980284735
14054852,0.6112080628137699
13912871,0.6108125596405902
13934374,0.6106228812618706
14070925,0.610028716234468
13934429,0.6069244184772553
13912879,0.6053369274745496
14073436,0.6008122887846722
14024993,0.5983440251692156
14118734,0.5978868272739228
14069919,0.5968595670494463
14028815,0.590685044698406
14071820,0.5905782183342807
14067944,0.5904503667148554
14105628,0.5875357260541758
13917190,0.5848065339460523
14024914,0.576401969143255
14068818,0.5753576300161747
14139205,0.5695157744017415
14069904,0.5694039741200047
13934363,0.5666536102099266
14050412,0.5659412396564529
14078384,0.5599128096397179
13913682,0.559062844748686
13945840,0.5587073500259961
14071669,0.5586881479363869
14113183,0.5582892661166998
13944059,0.5571836260948779
14072589,0.5565592278788261
14081990,0.5563347875564052
14113393,0.552670031742794
14067971,0.5507081059502145
14112247,0.549662405234641
14049502,0.5457549297538625
13911816,0.5456163962098509
14070778,0.5411650619696605
13917292,0.5388148589762367
14068975,0.5386938510894765
14050072,0.5351328841336229
13917213,0.5347371332970283
14112717,0.5273850136610752
14072453,0.526314983278649
14068913,0.521790720142338
14077077,0.5212309011275238
13913666,0.5172531895116602
13913664,0.5160459069102984
14068028,0.5126737568670212
13950343,0.5122544988485467
14167923,0.5099421434114025
13911818,0.504784603996135
14118498,0.5000469272162142
13912909,0.49733605482193266
14079546,0.4953242736758227
14026543,0.4931215780351431
14112224,0.493116873299543
14025423,0.4893348834317577
13917334,0.48924245420240986
13917309,0.48683489282014114
13912870,0.4834450398105767
14070667,0.4814066795892811
14116407,0.4808090480262003
14072350,0.4801802293688187
14049387,0.48013882149917664
14068056,0.47703075917532367
14068200,0.4725059924530815
13912912,0.47243238977041024
14076191,0.46468286005305814
13945875,0.4632020183521679
13917228,0.4607993866869379
14083198,0.45678610821426024
14067955,0.4547069283985778
13950342,0.45151060977359614
13917321,0.4446790241527553
14068971,0.4424179879031513
14025393,0.43944161489767053
13934369,0.4373735919241019
14026252,0.4369738433400332
14067935,0.4354126829685568
14069447,0.43195632414505813
14114140,0.42943806161062903
14112544,0.42744565856126016
13920295,0.42684481887856995
14112318,0.4237320774913774
13913668,0.42348670967124313
14068282,0.417410215129741
14067968,0.4165189371196403
14068628,0.41483451101852087
14068659,0.4136017842229378
14025695,0.4129111393311002
14025791,0.4125391158819483
14119689,0.41090959665850635
14068081,0.4057196684307431
14069165,0.4056491244559327
14112722,0.40086718750627803
14103020,0.39560295245669264
13913647,0.3930601914927366
14025188,0.39234855032132077
14068957,0.3912792807525515
13934350,0.38910848438111045
14120658,0.38896020614981996
13913650,0.3883591797820281
14114988,0.38700703716647167
14069089,0.3849936719346182
13917294,0.384085258035467
13917330,0.38316356111336347
14055320,0.3829493235491478
14026575,0.382473406391944
14096993,0.3797892550650916
14122010,0.37968223081965086
14025320,0.3783015454681907
14079429,0.37698119507159006
14074544,0.3743268962170848
14072432,0.37080346650550977
14070894,0.37033624966743456
14068741,0.36856402247361636
14152994,0.3683650466417462
14025422,0.36069915285180776
14068079,0.36028696022496653
14119835,0.3595758054190935
14166144,0.35590412787232467
14049851,0.3535515323324467
14113619,0.35345905921630855
14025377,0.3527296412764207
14067988,0.3508275117712769
14070928,0.35049712964685387
14082882,0.34518004306404204
13920299,0.3401624262559319
14068301,0.34005683814143023
14069200,0.3399125823260878
14068115,0.33914500117150825
14079156,0.3380005442775745
13917206,0.33658137841888297
14071197,0.33584137067486514
14073189,0.33185237624701175
14112302,0.33080516065136734
14067969,0.32659580970220975
14025474,0.32574790459698827
13917293,0.3225263181974523
14167835,0.3205297362208921
14067934,0.3205088929175502
14025803,0.31956007011622667
14068068,0.31854547922703125
14070921,0.31332069105174704
13913642,0.3044421666002215
14074267,0.303226192125949
13917297,0.30193472702383833
14068965,0.29616101461937216
14067989,0.2957052322876536
14068837,0.29147149372335174
14067937,0.2841470444522891
14103550,0.2811686785959993
14166363,0.28058513550384634
14033363,0.27975069493600835
13917300,0.2735532549000219
13945845,0.2600387026529377
14048508,0.256098417181275
14074414,0.25590563672010425
13945836,0.2540539959354334
13917250,0.25070540173937844
13912875,0.24350404059466108
13961995,0.24170074529723
14049891,0.24166584235894717
14070878,0.23801621956918706
13912919,0.23763527760574427
14076315,0.23590061728861159
14082196,0.2261832165285816
14028442,0.21759882775399847
13945835,0.21556295396516983
14071365,0.21435969129738894
14142548,0.21089050314418328
14067945,0.20841155588725457
14025432,0.2080911874187562
14026092,0.20393948059169215
14068766,0.20213255659792206
14028466,0.20199131000106774
13945863,0.20051244210168906
13917343,0.20006679471407227
14095860,0.19782746748453817
13917249,0.1871132535850336
13917344,0.18451159153405333
13917210 or 13921541,0.1819093803959618
14068824,0.18008182398301803
13917288,0.17437445820647512
14069204,0.1735711433386422
13917360,0.17337377332933399
14093936,0.17315894273093807
13917214,0.1729894851283691
14053832,0.16824413377662653
14114069,0.16487988691384953
14025915,0.16130160798606974
14070297,0.16074980497045713
13945844,0.16064989793380105
14069030,0.15417525073390137
14068689,0.1496944161628085
13934365,0.1450889244261367
14076450,0.14090231352170512
14025509,0.13144761127475807
14068348,0.12901240628845798
14068811,0.12092654906384866
14031035,0.11741924467018577
14070246,0.10658817356482155
14078217,0.09776364521696135
14071381,0.08859971387526455
14028594,0.088140986485214
14033585,0.08251437933410272
14076054,0.07496831545969113
14112828,0.0745025284593259
14112845,0.07040776060661663
14068059,0.05929764379235436
14082620,0.05536326026871136
14073411,0.05442755079584552
13945862,0.05070976412981671
14070787,0.05053211581466119
14170677,0.04061982984995827
14107291,0.040439375458354535
13913670,0.040280314368477385
14112292,0.038670296653572335
14167115,0.03426647398388528
14085134,0.0337575942938714
13945864,0.033615506884024954
14069730,0.02448061769152482
14152099,0.007792557352271967
13945858,0.0035478157036433478
14031315,0.001012865421095424
14112221,9.982801040525208e-4
14112212,-0.009127732160420399
14112574,-0.011569141200787642
14074812,-0.01499082306720729
14105498,-0.019537262241060296
14024907,-0.02036254669400714
14068919,-0.021878784370640947
14050735,-0.02220605576186785
14068066,-0.022797259964761302
14170679,-0.02603727411135188
14071393,-0.03327414070593959
13945871,-0.035342585551701944
14068232,-0.04378970756153895
14072593,-0.04513248916210233
14070718,-0.046789571708542844
13917282,-0.08045771903132214
14025484,-0.08377161983117425
14067939,-0.0847595856902395
14112588,-0.08941888574395473
13917305,-0.09567073173543374
14028940,-0.10302522121463518
14028911,-0.11632818131512804
14115057,-0.12303520201244285
14105988,-0.125164521117044
14067958,-0.14154772598912202
13913645,-0.1418829579954629
13954437,-0.14829322122811586
14093401,-0.16389736211253567
14113364,-0.16665948096921604
14068852,-0.16911368374663321
14090289,-0.18796649365334395
14067954,-0.21059641411541097
14068412,-0.21343761844212655
13917322,-0.22209178503420682
14085034,-0.24389401419859483
14067942,-0.24465813929088365
13917357,-0.24757092628947366
14068730,-0.2693655130832199
14028453,-0.2988596624668878
14116349,-0.3032066083122936
14050543,-0.30546092982909434
14112451,-0.3154804018570724
13920303,-0.3172932531631193
14085976,-0.3205639881838741
13917242,-0.35529904577077226
13934356,-0.37640486619400904
14079134,-0.40230511602951163
14113546,-0.40414170738790767
14099278,-0.41181650612912
14071938,-0.4286635006807259
14074546,-0.45264932362409416
14028447,-0.5556317925828234
14070653,-0.6014426056358074
14025010,-0.6333623362360481
14068695,-0.6489121674891354
13917203,-0.698445109879241
14069733,-0.8432390713163509
14068542,-1.3002355932288978
